name	x	y
ladybonersgw	4.236127243060839	-2.022744138612291
itookapicture	-0.7796599747841455	0.8005509726990478
new_right	1.3429156424132849	1.9255994606673408
trueaskreddit	7.505304910031111	3.9124147289522426
cigars	4.419845280218411	-2.880478442633229
hailcorporate	0.9035456371820558	1.3042655577336486
halflife	9.536722357909415	0.3508939552050485
boxing	0.4869302461943441	-3.437056764574084
dundermifflin	5.708073243454454	-6.252375031955075
askphysics	6.446541957192739	-2.7472382008584226
animalcrossing	3.451463896956909	-3.3598056295014214
usf	3.8032075819462143	7.967739232236422
unity3d	7.139533801900448	-2.2798674922707853
california	4.382547685020057	4.336726852805052
teachertales	-5.092277218953708	1.458892068425568
steroids	-11.075084757350865	3.5023042164797342
discdyeing	6.628012044339737	-7.147044910497682
openbroke	-9.363866372643507	5.026224130235583
androidthemes	13.782525608680633	2.228000854091377
edmonton	1.817485532826261	2.7123514262090254
powerrangers	-8.03787844083695	-4.369220985035998
theverymask	8.50943818571153	4.328881286833534
lsd	-2.3097572199316296	4.915189874430176
mtgo	5.824116139357443	3.951484203087494
roguelikedev	9.780540691921875	-4.220140678541961
raisingkids	9.829233521071192	5.114832261803981
personofinterest	13.49899448712413	0.8510661642749238
commandandconquer	0.8590155826959318	-4.287280462783214
alltheleft	5.629068494156648	2.2631822517176996
sadboys	-11.129426311736637	-2.9544597919989704
castles	-3.975482050143601	0.4535700143145114
academiceconomics	4.607172428308253	2.3856348155788822
interesting	-2.630855876960826	7.486748587681717
asu	-3.8670453013951693	-2.5066369300290257
redditstories	-9.403806619574661	1.429445375478183
mountandblade	3.849080406203292	-2.0177402312690322
antiantijokes	6.7269727396370484	1.4171702794845036
hotlinemiami	8.836570943892909	1.1248134078095262
playmygame	8.687045577011826	-3.8207099034476144
gmod	13.211342089408738	0.997876526260935
roblox	-1.2237873916804567	-1.863444510372262
mlbtheshow	4.364723119474192	-4.75275779103984
witchhouse	0.000982603061594034	-8.567574726792426
sonic	4.890988086550195	-2.3818914944173297
nudism	10.54643919590782	4.791933438826396
dataisugly	2.1341971421940613	-2.463550432315234
blog	4.551813358801141	3.225993967308318
jaguars	4.566344854793854	-3.3184266452351974
oil	10.567740476447831	6.143778194682298
girlswithglasses	0.15658730588218361	1.553187916641841
gundam	1.937272303341473	-3.5730133865082694
shittankiessay	-1.0029537118521716	1.8927110502813278
oppression	3.445604013730623	2.5984320388153375
montereybay	5.996824147530532	5.42356830181995
urbandesign	7.517548593334965	3.5851716858811074
johnmayer	-3.39603921342575	-0.9478797793394396
amateurphotography	2.454387654589258	3.408819883609631
speculativeevolution	9.957416818684674	3.4785866391040017
redditcantjump	-12.324847980706842	0.5983163080894816
ting	3.517359597214888	-2.1536515011736377
screenshots	1.3578938254973316	1.0307109826252727
de_iama	-12.431948618531909	2.30336485455552
mylittlefriends	9.759774822118754	5.932224898749858
oculusnsfw	11.09512874311864	-2.2217980672146416
worldhistory	2.3849760731452427	3.967332857341738
instant_regret	-11.497394327698336	2.693236761909642
californiadrought	5.231854154799972	5.078899866394822
badmathematics	4.53373823306519	0.8565394015026957
apocalypserising	-1.4753869319295259	-2.446585012410946
askwomenadvice	1.4262371912822012	-3.7721106176421806
rainmeter	7.069749050869607	0.5426477291749254
heknowsquantumphysics	7.459707847045838	2.3957250325174257
animewallpaper	2.0239779708387715	-5.968054429676798
homesteading	0.8272674192526672	-3.082153539647325
concentrationofwealth	3.563828296862468	2.411932260938091
whiteidentity	2.672921745747985	2.9355713198924143
nisekoi	1.860268127706032	-7.019191849060082
gamewritinglab	8.276189423424015	-3.482821919703599
reddeadredemption	0.3532664012584732	-2.3028560154535986
stwnhms15ya	7.505242378257929	-3.349029829770209
slavelabour	-5.0599862415145545	2.587787818305854
whitebeauty	-8.669154800307924	5.993792749036928
schoolidolfestival	-0.34096847331151636	-3.084758277970616
mousereview	-4.060195780256366	1.1115606299023177
bobdylan	-6.7059000230321555	1.434855762959696
marin	5.592369595105552	7.772211278066624
catteambrotherhood	5.520368459645823	-4.519914051561227
repsneakers	3.321502497522008	-4.431308521564051
fantasybball	-10.85068348389063	0.7569010510243448
questionablecontent	1.3458442647779059	-1.9473519457098991
wrestlewiththeplot	9.951038596854048	6.517531089656567
unexpectedthuglife	2.0751281146557794	3.051386412930988
soapmaking	1.0916918764588175	-4.5983455317386905
muacirclejerk	5.442612820876747	-6.0494592224081085
gearvr	8.197356069084666	-1.5991998352375099
pure	-0.8392046437457665	-1.6260982303952458
sebastopol	5.916742450069972	7.657487630642731
prod	10.516294380830185	-4.81221076615221
fromthedepths	7.3725324893458755	-6.3733309975719035
truewomensliberation	5.587880685084674	4.13760524247197
catherinegame	0.12811991531087585	-8.193322758574595
thunderbay	-2.824862095835833	4.667049901527008
lovelive	-0.8024250488820535	-3.9134770417720395
ellenpaosucks	5.486618313081216	4.4712045848188176
cruise	-9.0214534542496	-1.9330769437111162
doesnottranslate	-11.134486049356244	4.055396013013633
nsfwanimewallpaper	2.4028141702655716	-7.0555680961517835
idontworkherelady	4.344307133787186	-3.7949588861243067
killingfloor	1.6522842750696576	-1.383486879006517
mealtimevideos	-0.25306235684388767	0.4169818032644521
lowestprice	-10.415481775869395	-1.258018224459203
nyu	1.305840033960699	7.751952753694269
bestof2014	8.255583077354217	5.183313465751247
woahtunes	9.187425046880133	5.751643104658557
beardsgonecuddly	9.522370255107191	6.109843920641055
otr	-2.534951700014311	-3.9501348574332615
hardcoreaww	9.999396711276145	5.742033326868409
oldnews	9.169232144835163	6.21377584644018
dxm	-1.0769666127997493	2.128810911204008
deals	-4.210222617582982	-0.21796298359971367
cozyplaces	-1.0725934521732228	3.138663439132287
blackpeopletwitter	-1.5355245677303735	1.5858852838339441
nuclearthrone	9.63555171381773	0.09922702038719855
anarchist	10.810237249451916	3.19428654654339
taiwancirclejerk	-13.26841563163385	4.523322586031796
econpapers	5.227851339069002	2.942860618156617
utarlington	-4.973111653878085	-0.9824412894939591
bf_hardline	-0.17809231658762492	-0.544690976515442
bothell	12.916979991948622	4.14866217651692
modellmedia	-8.307410392167338	-6.877642082766211
praxacceptance	3.322952189227678	1.9825774777165588
pacificnorthwest	8.316352589577225	2.9590540959537535
deathgripsdiscussions	3.441322693776847	-2.337919760340795
shitcrusaderkingssay	3.0912323248684324	-3.196056813853379
removedcomments	1.8792980351429165	2.84967331233052
garner2015	11.316646991079352	0.6331517922423107
naturism	11.726869395386306	5.108516826697592
dndbehindthescreen	6.836329410623247	1.117661472164997
swrpg	3.7345402677262527	-4.023684564720331
muacjdiscussion	5.87687492608806	-6.942453038163336
warmfuzzyglow	-2.2301415091275167	2.3285525558567155
theprivatebae	-2.733985417881801	2.653115660677985
daboiz	5.05274661288469	-2.7053022571502447
9gag	-5.652983174136743	-4.27419350692986
sweatypalms	4.744628883713851	0.5645018047755492
soposts	2.5091143915129344	-1.2137979637719392
mousepadreview	-6.786153669556194	0.9382482763369921
bengalcats	-8.016458983476305	3.412587534182622
polishgauntlet	3.1503791657132503	-2.50043048460907
streetphotography	-2.039479034297763	0.9570928667843166
infertilitysucks	3.8714137660735624	-2.4080112834023044
civbattleroyale	-4.105603247238916	5.153578529560063
politicalcalifornia	5.715051571318142	5.5774662136816175
makebeccasmile	-13.295796101960851	2.4730640712394205
cute	-12.724811101772035	-1.0484604493016034
shitty_rap_lyrics	-3.005439216079477	1.6582895500641524
titlegold	-3.5479626432737152	1.7584204821392682
theology	9.839340911298844	2.8797587881119924
weakdogs	-6.481933771731054	1.22886128382528
kyle	4.433826223519869	-1.702047395815331
itsadndmonsternow	6.958171861060254	2.0332130182059913
freeformost	3.9788679920734182	6.27508426394388
blackflag	6.04302417225221	2.7095873316352748
replygore	-0.4268380621221528	-0.038128524145552234
udub	7.826056334767973	2.9896022876682036
powerpc	-1.8797896625800448	6.18090314208192
steelcage	4.055765608287754	-2.2217584311763705
siemens	-16.0	0.7023440475873528
vive	5.123887539414767	-0.7577264466459894
reptime	3.618570141048899	-5.248815319494508
devintownsend	13.15734306632076	1.862397494607615
indepthstories	1.5983598817410467	3.101119164777442
3dshacks	-1.038359573318587	-4.692777917425446
kidscrafts	11.540884635678633	5.580235135067774
vice	2.4133933225951765	1.7556691095696415
ndp	-2.7273862111539433	3.78017161546523
badphysics	8.366979030958646	-2.408686288401814
germanshills	-14.263129154858264	1.9329480850481513
themountaingoats	-2.0054214147473477	4.066452539702217
ellenpaoinaction	4.010065346675006	3.3410337612910173
amibeingdetained	-3.157266116014842	0.6998804818233637
mealprepsunday	0.7203190452856134	1.7739630753585605
rbitcoin	7.049350364379261	6.818341335188197
naturists	12.275573979531803	5.244422016035008
gtavr	7.276769130475081	-0.6114949027057133
chicubs	2.400834027715426	-2.3574810812940203
threadevolution	5.176166465394147	2.1122286961119823
evogames	11.119169378373702	4.036115160410175
imaginaryhorrors	8.810690506000597	3.1569850800502994
bremen	-14.286176813503092	2.3106955353233403
rapwars	-5.548035181836832	6.6815036605777145
mbundestag	-3.604432761724162	-8.575847152080133
pepethefrog	10.909521839803304	1.8515875779440627
vaporwaveart	9.342913101067165	1.1275964425395237
pitchforkemporium	-1.763526502353276	1.3467462951432445
humansbeingbros	0.46555610654115753	0.37055745688126684
reactionpics	2.368901719116714	1.107282624617806
newyorkforsanders	1.657497167311817	6.5234068651756445
floridaforsanders	3.078823835529871	7.0874067278140735
learningdisabilities	-2.284033922018306	8.570724567964593
fnafcringe	11.826978087829755	-0.9972834266298687
freefolk	-0.592269637367453	-0.977082389964453
yookalaylee	7.007405004753885	-1.8114636896140768
modelcatholicchurch	-4.405760321771256	-8.741197586824615
joinsquad	-2.666908755470093	-2.043822111205534
yourmomshousepodcast	-4.549693184181772	1.2673925565070174
socialism_101	-1.5130100673605913	1.0550253955182018
ffrecordkeeper	-1.0176740221972462	-2.2934894666990058
battlebots	-9.039311438068562	-1.5726843826584282
outcampaign	-3.1743439264467437	-9.0
chileanbackdoorsquad	-5.2203989457855275	5.364804733972633
spritekit	10.591082917620831	-5.183212771111818
weccirclejerk	6.682560750967685	0.9140840922174505
50b	11.234620041215596	1.3971725794135885
badcomputerscience	6.789858042653929	0.7764791788263725
imaginarymindscapes	9.055775560383452	3.049018749537389
alameda	5.881301368832187	5.230825096169104
utah4sanders	3.6941207556543922	7.49951048689379
reallifedoodles	3.4610843581021022	1.7679202536650873
antiagentlamewatch	4.2654665763110415	3.265289604630942
sfbeer	5.167226837480399	5.57535656778057
snew	4.723415076026665	3.8240092080307804
studentsforsanders	2.503393428660285	7.321256263049076
publicmodlogs	5.134192201371814	3.6741145276465748
morbidquestions	-4.156512935472259	0.1022648235742789
tradeissues	9.394030414164067	4.648342933148086
askanamerican	-8.829928241847563	1.9861273835056394
manyatruenerd	3.253972399048184	-0.5406565991378045
fallout4	3.6077690469241723	-0.7795818619668875
fo4	2.979092596711908	-0.39132872028054777
dc_cinematic	-3.959576597528722	-1.9453749497404331
gangplankmains	-13.894689173005448	2.7324308638035273
autotldr	4.43438111797127	5.07775407022733
mutcirclejerk	-1.930562127173264	3.216760955833321
fatadmins	4.824526726669028	3.607131394115326
anythinggoesfuta	13.132608599144856	-2.6890138490844855
sovietwomble	-3.5424931672044107	-1.6887192667806632
shokugekinosoma	-7.183833549520971	-4.406054583222713
de_tektive	-2.693165389520521	-8.686752368774078
nevertellmetheodds	-1.9252968147703928	0.259741796898318
againsthatesubreddits	-4.562214671599344	3.124300913020164
antok	8.537738579276485	2.7044507000392706
codersforsanders	2.8235276955367183	7.487190336023065
corporatefacepalm	9.351971681247537	-3.846411467536778
anarchopacifism	6.520458124858603	2.4469256879988723
kansas4sanders	3.4528820468056267	6.798478426061154
shitleeaboossay	-11.114262121341586	1.7568390397730518
falloutthoughts	4.503723016741056	-0.3203594514530277
phoneverification	-6.6471171185128455	2.839387851508169
trippinthroughtime	-5.9999149355885475	0.6356648114975822
lanadelrey	-11.48199701881129	-2.45915378079616
rmun	-5.1896475393812125	-7.956838565968353
climbingporn	6.336740841877063	0.9827841465114435
dreamscene	9.16746197521164	0.7492680525320594
highmileageholes	-7.751954632684781	0.49111915054247923
battlebotsraw	-11.306030238213545	-1.8216392316752321
ladystoneheart	-0.6373818393061246	-1.4726114357511566
megacd	-5.467363422163309	-4.862508337238008
holewreckers	-4.021114953548233	0.8110673135106783
dankchristianmemes	-4.728147018663	0.42018426258060515
bestaliexpressfinds	-12.504248285873642	-1.5747870387102552
ccj2	-8.913315918680262	3.5557139873296197
outrun	11.01586400769487	1.533133506297263
stalinsquadsezwhat	-0.7097920118187204	3.110554028847412
fnafbcringe	13.143185198245856	-1.0847713684749651
cpop	-10.723513338643679	4.456515032980105
ccj888	-11.675710548066967	4.182596737470943
legendaryminalinsky	-0.07647315914352859	-5.923922750959094
vr_apps	6.61682761326113	-0.8892208590645723
tometric	-6.410854484752086	0.9217411262942257
dnbgbbiibbsdbg	13.59761436686314	-1.577224680767686
clubpenguin	-8.433117294987081	-3.7859193840134457
robotcombatart	-10.368558441713779	-1.7763001823372742
dccomicslegendsgame	-7.691941112194023	-3.3580983208261816
datacenter	1.325734809086189	2.149672114523666
socialismfacts	-1.282720609478119	0.42640740286562107
commonfilth	-3.3543890339889284	3.737289555026832
amazondailydealsplus	-9.834099911295862	-4.920962933496019
deardialogue	-2.5893803276173024	2.441111932014211
inuittowinuit	-4.352119287435199	5.774285609015653
grandorder	0.2736650381901633	-2.9000070743399
tedcruz	-9.239710503390246	4.447260889712382
ultrawidemasterrace	5.350069429537761	0.11141497149395896
mostbeautiful	-10.098211559660566	-0.754061301881789
bitcoin_uncensored	5.989920621933216	6.139638093938343
bitcoinxt	6.410932362183864	6.4125758370656385
californiaforsanders	4.573347197528864	6.612493828518568
louisianaforsanders	4.045565906070973	7.401910692361003
newengland4sanders	3.0910468130830786	8.519366395021844
mixedreality	10.026760582918218	-0.22622524597029425
thegrandoldpaper	-6.944636503682549	-7.133161298230593
gimlet	-8.829225173564609	-0.8283414981754191
notyourshieldproject	-10.151081257542064	2.401413812541552
repeatthealamo	-5.000555433618519	5.85466675565832
grassrootsselect	2.5749756411588507	6.226763569240195
galaxynote5	9.713688239236799	-2.474888543896858
instantkarma	-5.737809006963552	-0.3209913108404905
maxkarchive	-6.707702584549578	1.129174660245308
boerder_conflicts	-5.18195251086598	5.605292529186672
siouxallthenations	-4.04189091285768	6.6139103350868655
reykjaviktory	-4.558904406530706	5.596133072957576
rememberoctober	-3.7534398649488736	6.495394375613607
trashpandas	3.521999364243378	-2.5317842749158945
soccerspirits	-0.2930704676411562	-2.2224325681113957
popheads	-9.182996165143013	-2.3368722682719056
fitgirls	-10.15272549163629	6.62713267860353
sneerclub	1.9349619989663225	1.3594187743088177
houseofthugs	2.966555884358403	4.307914269753347
ihe	11.91852670382416	-0.5606533218255692
dalian	-10.893143080622952	3.7728412537641187
ik_ihe	-2.2100310282260818	7.875057755195684
minhittowinit	-3.7840306378606563	5.742337608400698
imaginaryaww	3.4825006943130212	0.9260354831364879
greysanatomy	0.09003730372756635	-2.162734433648132
bizarresex	-6.515526308159238	0.48127354615407647
travelhacks	1.5289061420521683	2.364123951346432
getnthevanihavecandy	3.8298880336053003	-1.320459160640854
militantancaps	4.892581941206284	2.8979617554153254
goldenkronehotel	10.993713128578143	-5.085553307326321
mtgopre	7.398957019490908	4.938395662956408
criticalrole	9.863251226294956	1.9531844428817084
boofing	-2.2752563728679895	5.725002872133619
thenewdeal	-7.109470367627996	-6.80657693739408
soapboxbanhammer	2.4689396542352604	-6.130372886203396
lovelivefanart	-0.45276360388048253	-4.5793006752678265
historyofcbr	-4.867244688441479	5.457771614971183
thissubexists	7.146998131413973	5.203745691893706
unexpectedskyrim	-3.3152434702499924	-2.449030574421804
thisdayinmovies	2.9245704050556007	-7.281081515634152
sacramentoforbernie	4.257021400973578	6.900144645530725
fucktammy	5.647430824710565	-4.244695109626336
profoundtheories	7.071313525041457	-0.7310996049150038
undertale	8.12555576213963	-0.9022750436669469
depression_de	-13.922305605948573	1.7618793814325624
unseatdws	3.31361808070454	7.3331981375939
ieforsanders	5.121888558630989	6.872914509983277
kijafa	-8.403873309484126	4.922616381738244
protectreddit	2.7319640276634765	-6.7087302977606065
koeln	-2.6670481878456815	-8.958620277472832
offensivespeech	-5.875460178274812	3.757594458743151
legodimensions	3.215868322179464	-1.452112973265697
yahooanswers	-12.975036216466915	0.6173029298846693
darksynth	12.480429461855167	1.8517557610007245
victoria2	1.8340283606848153	-2.9728100046864236
aww_gifs	1.6298294635306334	0.834420825412602
filipinbros	-5.578969961583502	6.33665185492602
muhcoops	-1.1994688998588838	3.5926922658030485
seattleunmoderated	11.192720742834123	3.6603014138069057
edmontongaming	2.8254928374852213	3.8949167620516256
randomcirclejerk	-1.0018338399252595	6.190927339811195
modeluspress	-7.171245287928057	-6.95104698896915
nyspolitics	2.5367830745646174	7.815619896833979
honduras	0.5876552608239791	6.653505095161151
thechapel	2.2621682582262643	-4.4128142893784155
actualwomen	11.298524702514726	5.77140032306586
rickybuck	4.475451246732433	-0.6219673515737352
cadeals	-8.161724421940063	-0.9271173035672238
asianfeminism	-9.95753961609963	3.7586939325765787
betriebsrat	-15.319854024526405	1.1789253884242932
kaceytron	-4.582227423444129	-1.1859377528207897
rawchicago	3.7998467678840875	-5.867770684682334
shadowofthebroker	4.000074870997118	-4.635162710349513
blacklivesmatter	-2.7705326649985977	4.534261473481937
illaoi	-15.279736245233462	2.6858536077401105
civrapbattleroyale	-4.341139179439894	5.436550136651308
falloutsettlements	3.085150837586127	-0.2837722843375179
im14andthisisedgy	10.135368670162936	1.589102587179557
gifsthatendtoosoon	7.901487780163173	1.1291034474435708
superminecraftkid	13.837466844140888	-0.7377996327721448
internethitlers	-5.270405278921842	1.9622358446366377
weedisbadforyou	2.268532575328063	2.133440872393516
philadelphia4sanders	3.737275738096198	8.596956827485034
fallout4_pc	4.561427895961636	-0.8748362725560721
freedrama	5.977170538389554	-7.824831323570829
fallout4tips	3.8853530415399042	-0.44533199068912843
ranm	-5.8096580645278095	-7.933104529346813
ancap101	-3.3277708768965297	-0.44887600638808856
cardsagainstundertale	10.599817304979418	-1.2992957906107954
torontoanarchy	-6.30960080006866	5.010349476253301
reagenttesting	-6.285898165196711	-4.627991096132276
fallouttips	4.86218190022284	-0.442377524609574
msmom	-4.814400551263194	-8.464300618893503
worldwartoons	8.425396970079518	-0.2402428623747408
streisandeffect	-2.3092106261976095	0.6744341245281777
praxematics	1.4619235920793372	1.34017505446268
undertaleshitposts	11.582917077606897	-0.396113680122129
cbrbattleroyale	-5.87080353958347	5.905777790315801
civhybridgames	-5.143100349489341	7.2056017177167
removecossack	-6.2071015376782	5.700178104390973
zhengzhou_china	-10.751961378398976	4.04118770289808
taiwanrocs	-6.580670624555827	8.028693318351973
thefunlanddictator	-6.662296450338781	6.349684428708134
ggfreeforall	-8.7805189271959	2.311138104913793
ganymedegate	11.260385846198108	-4.900175863333544
dutchshitonreddit	-1.2926451830246464	0.6642241577382428
asianmasculinity2	-11.265151293922454	3.855420473386168
the_division	1.0183732069050002	-2.209899806786452
redditmobile	1.0566759367077658	2.4062587181704167
thecradle	-5.76974438526023	8.2348780517389
me_and_that_other_me	9.38417590834269	0.9437612210268433
poppymains	1.2327297091226086	-1.651194460793013
jaggedalliance	4.34568191385527	0.13310835095248663
falloutradiooverhaul	3.5566749396042745	-1.1345461315553038
asian	-8.635091171404941	4.735263939126373
removalseuropean	-7.7117984781327	2.2008555098330955
unitale	9.935619832820525	-1.0356659788150244
modelvice	-6.678369147069738	-6.922051941563504
undertail	14.44001349071144	-1.2597271677995163
1p_lsd	-2.219081587672866	6.382869011487738
game_gear	-6.008538950486519	-4.115623453412137
makingamurderer	6.5553337333141	4.1885978328276785
madonna	-10.522326323167679	-2.720302932499493
nazca_lines	-5.229763091068403	8.379308158462745
maths	5.250688400614585	1.0068205602353864
onepiecetc	-3.604753861226511	-4.053345045534752
photoclass_2016	3.599142005640509	4.626567530454903
achievement_hunter	4.670621118747366	-3.8896727549416914
linusfaces	-6.2678160124587965	-4.34724335971589
tcpcf	-1.6869838179446592	-5.964902735288528
hangnmeat	-10.319640226694514	0.23726632241679546
fnafhatecringe	14.46070677392813	-0.7464931725463071
androiddreams	15.079554042569338	2.7290466115613015
death	-9.737625245683176	-0.7126267054154987
modelsouthernstate	-7.9367009766925705	-7.081187445226195
fnafcringefangames	13.907904579112419	-1.453640767765605
evergreencoin	7.571224857831904	6.982825850061396
wny	2.170291233772833	7.677358028507587
vassar	1.8802082201669812	7.940797814236795
newpaltz	2.2224901875893615	7.914946966553899
ithacacollege	1.7642904324460567	7.66095439637899
sfbayarea	6.161770946274011	7.495438058971661
agdq	12.31978438192791	-4.350745264621619
videojuegos	11.848882084030642	0.5503008540304322
bitcoinarchy	7.252601088637405	7.1617424450783
bettereveryloop	-3.4024688253504856	0.0542061513412726
underturdfanart	10.673761477573844	-1.0817356477911177
modelusmeta	-8.86384063381204	-7.086179304695721
reckful	-3.4911797426840394	-1.252077851143631
buckeyes	-11.206666810169411	1.9575793385941171
listofredditors	4.1487357896137596	1.0414998060384981
undermodders	10.457369987297142	-1.484659266722284
shitnazissay	-11.073339896812564	2.148337168915198
ascendingkarma	-3.075101992694952	2.5396146021284327
stevenaveryisguilty	7.571560152165983	4.668946422535187
vgmvinyl	12.9808541826586	2.1233192065853235
mastersystem	-4.854983043160564	-4.526341383802113
leagueofpowerrankers	-7.015518917626547	6.312186007547293
recruitinghell	-9.216011041272834	-0.17371405178596966
muaconspiracy	5.877741695310942	-7.1305984740484245
iamverybadass	-6.674133560388196	-0.07639811885402992
magicleap	7.8107723857128875	-0.5559918129387338
mhocmorningstar	-7.908546613876258	-7.829058984158851
arshitposts	-2.1045065183784875	-4.005748605691826
stardewvalley	10.795223220897597	-3.880010016938056
classicaltrombone	10.280260845304717	-1.169032451836462
askscientists	-7.791510750394071	4.605328149742162
needsmoresand	-3.998950507617879	5.59731307317478
dndbeyondthescreen	8.361991258092953	1.4965784589656081
johnfetterman	3.324378001157509	7.564684058254219
livestreamfail	-2.3758259293738853	-0.7699724699751052
bloodandgoldcaribbean	5.428113274800346	-3.149919505673335
gameprojects	8.90210873777719	-3.1434022665350794
scjerk	10.654040131695137	6.974579395369371
h1z1kotk	-6.9165849493201765	-2.0123717571630584
swingandamiss	-8.611516813802934	0.4439865835205339
iaz3programs	-1.9098520515045934	-3.2868967714553303
capitalismvsocialism	-0.7282778739473059	0.7467321736380033
blogging	5.33776201248261	7.323290905708838
ntcirclejerk	10.936929075369498	0.2534160832649217
unexpectedfactorial	1.4485587862053073	-0.16453255851132909
modelforeignaffairs	-6.178964694896328	-7.106721883041229
beachcity	-0.36999071005162776	-3.5407940193345526
xenobiology	12.680734800121964	4.676405560983465
marcorubio_2016	-11.049724557745236	5.131545800087116
highqualityreloads	11.726945349721078	0.8870806611067223
commiewatch	-5.303229136330909	3.517347253083896
madlads	-3.0393911830008005	1.2462242310414684
berniesandersvp	0.8907917252406818	5.606088635943511
shadowsoftheveil	4.0405453940314615	-4.865567681294593
kossacks_for_sanders	0.3594142105467064	4.375063624026529
cbroriginalcontent	-4.801131669329459	6.392349691306862
dtrh	-11.316429337907834	3.644425449641794
modelaustralia	-8.771328116731006	-6.841563716990558
askgamemasters	9.047723518854546	1.6828935158361187
banthesesubs	-7.3931799101526945	4.2579485548415565
modelcuba	-8.934873264541809	-6.666408478326375
psvr	6.10093869814013	-0.3389907400928305
tauschuruu	-14.07482226528198	2.1130406417423444
cmhocspeaker	-11.095841910752107	-6.478484062648555
ketchuphate	-7.232204047566448	-0.19440576890936434
bannedfromthe_donald	-6.464760515299586	3.468942259645635
thehamiltonpost	-7.51764455869211	-7.911112906916578
humanhorses	5.2431270546912465	2.730127789611913
grouptale	9.814327891809441	-1.65009592464913
negativetale	10.228225091750133	-0.7837451072674213
sandersmedia	0.8705483259982074	8.358886805418393
absolutelynotme_irl	-2.071301359394967	-0.6049267449264537
topfilms	1.9172546719616825	-0.8075276050693905
vivecirclejerk	5.833795838679087	-0.7218124337729375
thegreatshamans	-7.684818652044616	6.634065606163329
toomanypillows	-1.141597097311898	4.93897737143058
ffxv	-2.666249973657319	-1.8506683441905194
strikingcrayon	4.311831882603833	-5.4493796363484375
robintracking	9.500139685296489	-5.679574102776559
doctatorship	10.036002824143363	-6.332343716937949
constanttiles	9.557867810768382	-6.434199301983245
chillgrillalliance	9.820898079877107	-6.659139317483614
electricfaceman	10.879964370583966	-6.104231121964274
gaysalsacornorgy	10.631478494002586	-6.4035895880301315
peaman	9.324503805803626	-6.632219255521246
historicalmodelusgov	-6.741854170457648	-7.954064382192055
andrewtopia	10.235941609360768	-6.56070764656496
potatorobin	10.470253430913413	-6.178127263325466
wewantplates	0.4444524440882063	2.9482393692595625
vrdissociation	5.860788661678733	-0.9232633793383602
probabilitytheory	7.033677155868276	1.1519376268334032
democratsunbiased	0.9187941028268547	5.231459581022488
singwithme	2.2476272282013703	-0.5768300866641827
whatwefindinteresting	-12.898050991510734	0.35955906797127923
encode	10.048675039264406	-2.5405551608271457
askberniesupporters	-0.39912676311275064	5.383189057436557
uscellular	9.634482139873306	-2.6853280074592165
rightwinglgbt	-6.111928393582513	3.5217457945911015
kumoon	7.309461337166347	-1.0436171447798017
berniesupporters	-0.5549355542165149	6.743915761137169
stage9	7.513114878817902	-1.2070990671472908
undertoad	9.051942458119626	-1.0143747978182676
modeltimes	-7.923721263931524	-6.887824911710072
cavdef	0.715375448797392	4.981372639968731
berniecrats	3.169511298703096	6.936673930310397
nycguides	1.5550394733124122	7.88816286514481
immobile	3.3075127463285803	-7.198693672583098
netflixbyproxy	1.8351675117798685	1.7558681575310775
eurovision	-5.540582986404276	1.8735405706849981
50states	1.4526698253900925	5.502616814300348
9m9h9e9	-2.181648393186446	6.196797356426481
theredflag	-7.747342700602191	-7.29621799544911
mettatondefensesquad	10.179690197896115	-1.6318805731693606
shitleftcomssay	-1.5470084821579668	2.8901183212349846
repostale	9.470291735768246	-1.2070230372768886
savedyouaclick	-6.7541828405712625	3.7742235235449133
unlockedhq	-7.594418324663259	-7.5310285521441385
stationbravo	1.3363450670645385	0.15948738052611766
innocenceandinjustice	7.898842654045833	4.827170341260368
vrui	6.187684276960102	-1.9217525740878223
askhillarysupporters	0.17065691914640624	4.615711506518707
kineticcode	-1.7056529011397856	-2.813464658931201
reversegif	-5.4509288474359625	-0.5742257916049684
daydream	8.465169337984612	-2.1923734983734766
vridge	6.766118678765036	-1.3710647212799962
seattlewa	5.821327299950461	2.5431734390460505
elephantatthegates	-5.277118555269517	7.860788773639502
arduxim	9.395817532416142	-2.1218848252681015
kingsringleader	-2.2910491267763096	2.6337497926700504
honhonhon	-4.963118965576806	7.85629001082496
okinawa	4.363771322916374	3.824614866368048
allthelancers	0.20801084946099735	-4.328417864448565
romainvicta	-5.780133499373299	7.774052908349002
wemaketheterror	0.7378176294296424	7.095239689330448
forobviousreasons	10.877264181235251	-4.499092037312174
grassrootsselectin	3.7328892862170484	7.244039189956872
blmwatch	-2.858103252964641	5.649248195111589
yeezyordie	3.4889106215290795	-5.485866561751351
the_pack	-6.0491160282224214	-0.12953478656258532
appledevelopers	8.744944377545774	-3.3619971365021835
annoyedtobenude	6.339588457107983	-3.9118995106464007
homegrowntits	4.73717936088941	-2.8332917291137028
badcrops	-3.3849890314067554	1.5454231198138935
succubae	-0.17222070225908404	-7.70855857874172
againstmeansubreddits	-4.230727140613565	2.666071045506886
worldleft	2.6929777506546557	1.6579003248359676
muhammadali	0.6398544218310285	-4.976601227386934
retardeddumbfucks	-0.3140871850244267	6.637600618668401
legaladviceofftopic	-2.3193271952555534	-0.47758840741617803
callitart	-6.3071054993829385	8.164633186384737
workersvanguard	8.987968605913998	3.4662655655603967
leftwinglgbt	-0.38696258863625843	2.8935775485377366
modelworldmeta	-9.80827972871414	-6.708451357680735
neutralnews	1.1189398144775886	-2.9244284756908394
violentleft	-6.000008363206465	1.8943720879606065
whitepeopletitles	-3.7410436207551	2.078967172189147
learnvrdev	6.240290582839364	-0.8010110864157092
jarmedia	13.344841511035476	-0.372136345994587
paneldepon	-0.9845642434988378	-6.046077766373192
leftwithsharpedge	-0.9677435325713102	2.9985629626664814
insanepeoplefacebook	-9.06391275221831	1.2959458943505382
grassrootsselectil	4.104284713977965	7.1787983925936665
bearisland	-0.6904948544642266	-1.8503049330957264
lurkingroyale	-5.352035160443988	5.716162676029983
arrlmao	-4.469334724621122	6.602575854857591
greenleaves	-6.3475515732625745	-7.374769313981409
worldnews_extra	11.119694331081817	3.9197468418359342
newsbloopers	2.8570340897084954	-3.8121463211137536
lambdalocator	11.97566200861311	0.7292071049013522
icelandbestlandfc	-5.130118569889415	6.389479501606164
publiceducationwatch	-4.665051136350328	4.087352417591601
ultraleft	-2.6526809733076675	2.877267977932407
abwallphalanx	-6.61226705121765	7.278982571719279
fucktheredpill	-5.570341296902731	2.345155282755254
canwc	10.662789250231942	-0.7204361668434096
politicalrevolutionpa	1.2932946679025221	4.890610879227156
humannature	-9.02408219907284	-0.5091031989153532
fuckthealtright	-3.51610231155718	2.0755792929822334
bitcoin_exposed	3.549254777368109	3.8631987274853117
shittypokestops	-10.560813246426047	4.29025801805343
primeday2016	2.1228294989212735	0.6745470096484727
goldandblack	-1.7466692974159077	0.09286884694813224
vrtesting	5.894256953865831	-1.1344144915480108
isthissatire	4.145238154966133	-0.8995649055928077
deadbydaylight	4.1541156948006375	-1.0882500119751866
partyparrot	-2.5008908750193353	3.4880021384592865
britishpornstars	2.1968123850145247	1.940957157280021
fnafroleplay	13.97672741855935	-1.0617981588547343
freebuild	13.646988751478133	-0.9611575541460375
otonokizaka	-0.7599103464246237	-4.405949470009386
cameralenses	3.231063802055889	4.725958329257098
dncleaks	0.4936045981013599	5.273572849986492
canintoeurope	-5.578473003549528	8.427048550264242
forcegrey	11.943228428209732	2.527887211286785
enough_sanders_spam	-0.35526240252178987	3.135589405827721
moonmankkk	11.178083381568708	1.7105914068120587
whatsmyideology	-7.531182260461222	2.360256088489953
beach	-0.5176177174128025	-5.028124482116276
codersforjill	1.655360968258563	5.961503823375532
tinycastles	-5.725770818892247	0.2744659485029146
the_donald_premium	0.8464725526971542	6.505991555086167
democraciv	-6.807601464885355	6.612866046215512
politicalrevolutionwa	8.044654245958238	3.3433248715837838
onionhate	-4.623256313947298	0.18637533258775107
lekeberg	-4.159513920879	-3.1475492201351436
eaaccess	-1.0385214727929384	-1.283261555582202
asianarmpits	-10.993297558856291	4.26291535701635
1914wasaserbianjob	-4.8648735948725825	8.362613562845976
emboldenthee	-7.36996636415353	-3.8304072480918885
bestofdickgirls	-10.172923001470878	5.63093774090547
enoughcommiespam	-2.144454381938573	2.0068993972866966
brattykids	5.617313825804349	-5.074987269189961
bertkreischer	-7.258584371061687	1.2362300224437117
dceuleaks	-4.804787235196011	-2.322083573041777
circosajerko	-3.3534567886048663	2.359041902335372
opisdumb	-3.5914544740676835	1.2267215319511973
animemidriff	0.8128515090829573	-7.370035067443892
spacend	-2.6314760764600873	6.205730372623055
facepunch	14.931980199210226	1.305144053800145
modelclickbait	-6.92114316200791	-7.570435358384009
gaming_illuminaughty	-1.8513323218824222	2.53472697509644
adultvrgames	12.157435896684309	-2.420612322373465
le_pen	-5.6643184833124955	2.911110936987866
appstorearttheft	7.1455419405794345	-2.678547414234912
doctorbutts	14.136831643498603	0.0823013503208525
endbigotry	-4.976487206144636	4.522683591156591
profanitypeak	13.063388370939023	3.921000858862225
minimumspecslimbo	11.923004189736243	0.3578277052992398
sorospaidforthis	1.173664881990586	6.580977031749454
budgetcooking	0.5038218358978632	1.8417903036252259
calloutableists	6.614778987600918	-1.7470624164319881
giantess	15.944823090854378	-1.402179476538393
nekomimi	1.4621348807086747	-8.225067691076143
fnafsucks	16.0	-0.5361419146026982
citizenandcountry	-7.830712511202345	-6.623565481298483
parentalentitlement	5.084291187990548	-5.067759617951795
unitalecringe	11.350739776282847	-1.1644457285588752
twitchgonewild	-4.164062856574374	-1.5452318400757488
complainingaboutwomen	-8.081137799344612	2.6397252088219716
robloxcringe	-2.2254364377846496	-3.1881947619505224
onwardvr	5.553728702937331	-1.0876143538001548
unexpectedsabaton	6.404548006109096	-5.393147673356967
crazyplans	-6.677679074084903	-0.47784063510142083
onwardgame	6.536958508393369	-1.952664574311287
thisismylifemeow	-6.5145809489318225	-4.156049499053669
judaismwatch	-6.733899676031497	3.9758712371160616
nodapl	2.512055619037426	3.5544682960933702
forhonor	1.863486067276579	-1.6961543308221962
rlsd	4.907845370123738	-0.14807225569960103
therealjillstein	0.4945142665016533	6.150975861768057
trumpforprison	-8.01285747307622	3.9114957689216787
eu4aigames	-4.549693871621953	5.281127895275208
chanzhfsneakers	3.3756531592556165	-5.144573280180904
samsungs7	10.063128618828081	-2.3017221232703813
redditscrabble	-7.242313646101076	1.621021725281981
owlcity	-10.65759537693751	-2.50303524804751
crosseyedfap	12.648322443488123	-2.9440065661997634
subredditsoup	-6.402445548202644	-0.7127811434947926
infrastructurefans	4.934508700434012	7.025619403100812
eu4maps	-6.233186392367388	7.391671069356935
modelenquirer	-7.216014950849889	-7.388331942688187
otikatv	-4.280720695520159	-1.3115620011989986
im14andthisispolitics	0.6419485103913942	4.253816455755787
inktober	5.264865592170146	-4.867842319993081
fnafcringetale	13.724648163978035	-1.271840489884446
sunrise2016	-6.68408963413891	-7.296298705338409
tubersim	-1.2734118630716758	-4.269731279459737
tubersimulator	-0.6152509223188165	-2.876362603752507
pacman	6.496739407159708	-5.946186090290083
sandersinstitution	0.4730217521409372	7.46454758121104
basedhitlernews	-6.881247270435475	3.424516322363832
trebuchetmemes	-6.879067666109387	0.6406245873465526
hooker_talk	-0.11944780799770349	4.408769604871436
shit_regressives_say	-0.5411049433425692	4.487355977034648
descriptionplease	-8.618740241896717	1.550349798042408
realitynews	1.3584186719303517	6.366166680677004
david	-5.232520707816791	1.004708854348598
sandboxtest	-0.9197677703323119	4.375159749150518
tyingherhairup	1.7530493172325308	-7.922047096545442
peoplewhosayheck	0.35804826986099414	-0.977775660950293
pixiv	2.025723219667686	-7.28731413880181
anarchismonline	3.529036355877192	1.9201909515016382
jobdestroyer	-1.1541991662105016	0.18191451140411452
liberalpolitics	0.9022417537195473	6.0684916826883075
turboswagengaged	-7.840975538467026	1.9887152370112613
spacex_its	7.308417515589099	-1.5683025083597713
imaginarymonstergirls	-0.34755498318626543	-8.105651969904926
tbtl	8.124654989742233	2.782134024382813
rigsmcl	6.569698094783192	-0.24583250159870573
ps4_pro	8.33313655192882	-0.00378759893633962
vrfail	7.261997752438575	-1.3511449667624635
the_meltdown	-0.40187268882452365	3.883589817628515
thelibertine	-8.645514409448895	-7.317665172337156
spacepiratetrainer	6.949294074136748	-1.5983344306520255
wholesomememes	-0.3033279722591917	-0.22664891108305874
upvoteexeggutor	-5.942361116963376	-4.474839653466116
pettybickering	-6.959744681662928	3.6309020060697517
celebritystockings	-10.130097540405878	-4.538204251934903
geekboners	-8.241217581201878	-4.107591342651161
xdfp	-1.9580502839337512	-1.6118143430132417
anerchism	5.632676201787053	2.074035009796157
carmb	-6.711451126073911	-1.5643908653913812
superherocirclejerk	-4.230477629533	-2.0874279469448167
y1ff	-8.794023833052766	-2.11050519582598
gsi	-7.763121578348175	7.605579122893378
hillarymeltdown	-0.4133513695373665	4.222316033893742
fo4mods	4.247661840593636	-1.2961594863169106
eagleflight	6.801974757340059	-0.4292135951225404
sorosforprison	-10.37229991978156	3.1475160788090673
ps4pro	7.615829888171614	-0.13536452702572532
thyreformer	-4.863531227454926	6.656426162261527
debbieforpresident	-0.06005548474493061	3.7980279541757493
woooosh	-5.523536674233666	1.5231485533969256
goosememes	5.327343357471928	3.4641250382181905
fo4immersivegameplay	3.7743058719939313	-0.1244505176910824
bridgeporn	7.8012579473156265	3.5041974256193544
redflag	2.068903039009083	1.4938251900671666
the_frauke	-8.15528948970844	3.012739848903667
frogdg	-7.430295965184461	3.098465372795058
minimalphonescreens	15.267159926578731	2.457934173627354
ajamubaraka	5.365073757428245	2.4969901051939374
infinitytrain	-2.9939224289319615	-4.091158606211397
spacefarmgame	12.096364098708861	-4.588299846713845
modelsouthernchamber	-9.619413975906934	-7.123857901180576
xxxvr	12.414973900088054	-2.6755806427593702
unexpectedjojo	3.8146720262877096	1.4258208659105627
latexclothing	-2.9593615019872193	2.2562740546462283
gamingondaily	0.7029649981380288	-8.398345730839395
englishfreepress	-8.34870139463365	7.218308203740747
nationaldemocrats	-8.671593959092911	7.261244054849886
beachporn	0.8739511206757413	2.151710174692644
modelnbcsports	-8.24147822296296	-7.690622721911761
zeropointmodule	-6.4042073576315275	-0.3256015683849487
1500isplenty	0.8735586168731828	2.8512418360952196
conspiracylite	1.1331355692940335	1.5173778951015642
gaylunarcommune	-5.214321257703492	-0.003055645910931659
vrpornstash	10.37541136440111	-2.136281329962057
myvrporn	11.355329225428331	-2.3879052781807024
dankpuns	-13.273340289303016	2.716473406507342
shitnazbolssay	-1.8932449443021273	3.4131189848130123
murderedbywords	-4.1124325863271345	1.6879562361710079
destinationwa	6.7809010231591955	2.882263726978154
medejongeren	-2.104398391386569	9.0
capitalismdeaththroes	0.9207366796116112	-0.19130030387862362
enoughcapitalistspam	-1.2705784138778853	1.710753881917233
unexpectedwestworld	-2.60750155658285	2.1316692295458584
taptitans2	6.334255202753276	1.4474021293325325
free_vr_porn	11.90954466889994	-2.6620897355921027
catapult_memes	-9.435713333293641	0.3894456072313268
oneshotgame	10.447332640633611	-0.5445154861135553
humansbeingcute	0.41911702324303945	-0.20925860716737077
onionlovers	-2.9060936153528623	0.2582860532661897
portraitphotos	-2.2528617622321576	0.45443306584224175
kotk	-5.58853518901201	-1.6665753982602443
tucker_carlson	-6.377770213911688	3.8739293500538263
altrightseattle	6.974746191396811	3.253525734229834
modelhuffpo	-8.498162476660452	-7.524511406041999
mslgame	0.18503423220611026	-1.8832652315975587
fulldiscourse	-3.355348130286588	3.109786238559103
thespoonyexperiment	0.9706247301688435	-1.952420037125158
shorthairedwaifus	-0.6149856831548259	-5.461706707099607
bestofvrporn	11.613457856399215	-2.297721897528297
vr_porn_secretsex	11.51055603699497	-2.8211306330387025
hijackers	-2.5381211835635398	0.9170891443623468
isaidyes	-1.3813168685240367	-0.9731464757007995
jaimebrienne	-0.0977736810386709	-1.6299515050907054
seattlebeer	8.282743064295488	3.15525325440794
totallynotleftists	-7.715946755664191	-0.4644023353204503
afterlife	-11.924929204959883	-0.9100780513722224
3dprintvr	6.484372791595135	-1.124306134774506
whereditgo	-13.469889175470088	2.9529462167465965
indivisibleguide	-4.7064025493109405	2.9620302288088993
antitrumpalliance	-4.326767113416697	2.7744112422653515
poldergate	-4.346575119826156	6.025293219671141
meierlawuniversity	-8.675504296587281	7.0065365328742075
biomede	8.464331220725057	-3.2636981663018476
vrporner	11.152188479845744	-2.557157466733714
amdradeon	-3.572689207036678	-3.426382113334973
cardboardvrporn	12.623153679724695	-2.4231757432837684
jungle_mains	-7.709278074652744	-4.597094618966443
listeningheads	-11.255840024288474	-2.636302335477435
prequelmemes	-1.9691182896304529	-1.4702895585129951
dylannroofinnocent	-6.063931856745125	4.058542937805887
postandbecomeamod	-9.149262306605305	-4.148254887098862
benrosen	-3.313784718381493	1.9229225866035264
names	-11.173216759525335	-4.273066866108964
shitfredditsays	15.43112598687365	-0.9450676984815498
turbanators	-3.6774261266647965	5.99196376922645
cbldemocraciv	-8.215817918462006	7.531730685003556
shitstssays	-1.014117442077163	2.423234503300929
iambarelyliterate	-9.234610415414325	-0.3622040883381086
trippygifs	4.7798219756958	2.593877732515738
shittyfacetune	-5.8018967529502845	-1.465175161223561
howaboutsunriseland	-4.004655071785674	6.038639868261177
hfjrhfcjnfhcjfhcnfhcb	-7.120010294877018	-4.002429853695159
itchio	9.604855493340622	-4.819799793389107
the_donald_lol	-5.690964388225936	4.210401189406943
serious_gaming	-5.3121077258287865	-1.747608215760108
civlabour	-8.007745864528147	7.371285517275222
victoriasg	-6.276849124822556	-2.0289893172991196
mobilenintendo	-2.271526041712386	-4.743138332084256
giveemheck	-4.704424465001114	5.963638625238122
georgemichael	-11.430197702258864	-2.79970785852945
succubusporn	-0.8026989055395308	-8.377836903930419
torontorevoltrevolt	-7.676944376806475	5.564557794570915
onguardforthee	-5.210702278561985	3.8036364276184162
commentlifeprotips	0.015110616257075549	2.5661941099898886
exismailis	-0.12936850487038143	-3.9056189386771534
ralphthemoviemaker	-5.195297112362246	-4.666488058834192
battlefield_live	-1.6367269373228002	-2.3281312440815594
gorn	5.904642507937531	-1.4998203712763232
liberalstupidity	-8.659194962020441	1.8884114770255103
fireemblemheroes	-1.4945831915090846	-3.3445051929035197
enoughantifaspam	-6.0931148795803	4.2705211820261955
revisionists	-1.3305046520672317	3.243782147146831
xingtian	-6.692589216033136	-3.6413198230102806
fromprussiawithlove	-4.314244628091606	6.435329297743335
souvenirsfromjapan	-14.29182223100177	-1.2597489502331403
carryabigstick	-6.263546516241357	5.901582422660427
supersmashbrosmalay	-5.507217612140774	6.151188339960408
nonwhite	-5.236774294014088	2.8790795689066186
springfieldarmory	-3.727982277419075	-0.2712553734770857
pocketstrafe	6.21064678069791	-1.353782275672935
modelsouthernsenate	-9.413989197467398	-7.427825674960763
cremedelakremlin	-5.930298967600409	6.135081659181331
czechthis	-5.440988667666554	7.684504175430167
corseekya	-6.086530778540832	8.339680884414971
gamevirt	13.964037243672568	-2.8327268881036822
northlaketahoe	5.47480764661233	5.443613277709298
sandiegocigars	5.529626475342347	-3.6706116150800954
pitpeople	6.365002647253043	-4.946499316017425
metarepublican	-8.75624964557828	3.964463236345175
theredpillright	-6.458527589435684	4.138089025967231
burlingame	6.254847740626037	5.243176958129915
for_honour	2.674531066559414	-2.4034525580868316
mbreitbartnews	-7.456896976325815	-7.098666101980216
forhonorvikings	2.228212500083565	-2.0244853556806843
repostburns	0.6167530467229021	3.7182479514734776
casualuk	-5.271185144777771	1.2183147319929208
clubpenguinisland	-10.467412831051295	-4.036825524856229
wholesomedadjokes	-1.7943583591410714	-0.8927765517375814
modeltheonion	-7.129927440090745	-7.935601693063445
totallynotcats	10.530707541167459	-0.9151286238621132
selbyfam	-1.2781261878005044	-0.6624858158983571
signalyourvirtue	-2.74786437087862	1.858787769616253
td_uncensored	-1.6786081713237042	-0.0971743897313484
pussypassneutral	-13.112721036252134	3.001257739994438
ahfforamerica	-6.044331754856909	-7.6480232650185185
modelbellmedia	-8.540882730566674	-6.5416287312458605
battlefrontmemes	-2.3937335562170343	-2.0216364289052837
brattyparents	5.847599571790429	-4.934859098301035
accuratebattlesim	-9.484426808618121	0.6092106093362109
justice_porn	5.235126397307408	-5.213220815054419
pabam_server	-10.885215403254037	-4.691883001465796
oldschooluncool	-4.780110685294636	2.3135499130641506
thebias	-5.728093820959719	-7.415697165634803
forhonormeta	2.368390367005013	-2.6185395881971436
morbidcuriosity	-6.301935781209913	-0.5424954658202239
zak	-13.249281942984457	3.22336865131248
primitivebaptist	-7.370217414212782	0.1569849897437674
ismailis	-0.054086169893123426	-2.8940103472592993
neoliberal	2.576695088814649	2.302149922874733
cialeaks	0.3203769365324689	6.507273101021552
gravesmains	-9.355152762580119	-5.222685642054637
avegant	9.890154983917785	-0.4351314032845526
nocontextroman	10.716300876390537	7.261967314044089
totallyhumans	-1.3313273095553093	-6.018113279674894
forfashion	2.502368302240317	-3.037646167839326
fauncensored	2.2523622800882634	4.381761096311163
false1512	-7.449614904093538	2.8791794272322573
sequelmemes	-3.813579026414729	-2.1935490688537946
legendsmemes	-3.641120274726516	-2.3643556154922667
anthologymemes	-3.2195385854573466	-2.7894650086765704
maaaaales	6.496138757513091	-7.74677474230683
iosplatform	-1.9216940246158511	-4.811782444347281
otmemes	-5.70793431028595	-2.8555802885490396
pubattlegrounds	3.3806804347289976	0.7317925080048582
andymilonakislive	-4.551646019592608	-1.4748923541830505
killfor	0.4843509657490337	2.2124379180160396
kingcobrajfs	-11.403947939772584	1.1466563133377274
behavior	-2.864054987353162	8.513921078168632
juiceplus	11.634715598044323	6.7242867487450795
uniqueminds	-2.662453754054445	8.683719434804114
affirmations	-3.2166968076178186	8.588556666025532
africancinema	13.995203298801862	-0.2774203821036654
maude	-11.09712331442006	-4.492657314207502
animelegs	0.4123732512327507	-8.56094707880069
acidreflux	1.914363698311245	2.2485958365643732
vanguardofevil	5.9572057735357475	-4.478399864116777
threetimesfaster	2.1372423478666285	-5.014986577656145
keepournetfree	7.471833217075218	2.9429204038099552
xxxtentacion	-6.772844107227231	-3.9439634389062697
americancrimestory	-7.369288294788557	-3.2511262682544446
coconut	11.962810472012638	6.493939076244432
transytalk	1.5216365637270748	-4.372701653981177
aperturelauncher	9.540502564867353	0.7482141034467684
the_seattle	7.173312159681444	3.087388608079264
unexpectedevildead	4.543929882640704	-0.044695975558083134
werewolveswithin	8.336826716236164	-0.6167158304057914
erasetheplace	-0.39446917329711084	8.93428531602973
placehearts	14.648505142046307	-4.221402893616177
thefarleftside	-1.7064676885692993	5.873916816636495
flagalliance	-1.4712211864515812	7.165434371890289
americanflaginplace	-1.0368384907672343	7.879333370000488
purplepixels	-1.895173381457063	7.164227119586897
europeplace	-1.4487143977442312	7.576395420095594
sloensko	-1.2124318670055594	8.673007918977707
placefrance	15.442351847330485	-3.9847745915856017
greenlattice	13.288990605312687	-4.410924086351178
markyjoe	13.77604390938188	-5.008301598078397
growthetree	-0.8094347706940948	8.993474160065794
placepreservation	-3.5561652222325595	-2.660474649560543
iateacrayon	-0.41562008877472856	-8.534171018952465
transcribersofreddit	-6.000931779590793	1.6313317718626923
pxlsspace	0.6890899875964465	-2.8693272006462145
bipartisandebate	-8.559237691282059	4.186209121084733
bobross	-2.82931740491874	-2.8542623296731913
sadboysplace	14.340929094369901	-4.5379668082689335
aipom	15.69822242370881	0.38821780627409375
tradefederation	-2.597805049125549	-2.268615705462258
nukedmemes	-7.751712215375937	-3.5818561966713656
roastmefictional	3.946025127283285	-3.2649907863205545
myshiftkeyisbroken	6.664183978218514	0.5688140955971672
fuck_united_airlines	-3.9937646449012885	-0.9194267670801022
nebraska_wesleyan	-2.6045220383115844	-2.706050946895453
osuplace	14.159092413147249	-4.805732152898158
undertalefakeads	10.059240202882641	-1.3970767766001462
dirtynationx	-5.544096797189283	-4.57330674603699
bestofmlbtheshow	4.85835145277748	-5.451095377102204
wholesomeprequelmemes	-3.0378728477167094	-2.602688422337436
langevin_block	-6.419774422872221	-7.822391811269311
octoberbumpers2017	0.35344656197679214	-4.634036149689903
septemberbumpers2017	0.3356505391538924	-3.106743789168214
commentsoftheyear	-0.894120642738061	-0.8523520614636197
procss	-5.193307497097733	-3.3806537855400585
kierra	-7.872781693522912	1.625230352631963
dataisfunny	2.4898297736023594	-3.8866125038420956
batteryanalysis	-6.937726153822663	-4.575934605343035
paranatural	-5.814851275822523	-4.908088481735769
youreamodtoo	-6.638519739364188	-4.72732710081702
limittheory	-6.597732722983304	-4.482733826962761
thelastkingdom	-4.774309516337103	-4.753728783592335
bonezonepodcast	-6.834274711871885	-4.2895597034879795
insanephysics	10.0707208556605	-3.3383605507127987
snacking	-6.237820177721762	-4.837417322874569
area11band	-7.702606842190448	-3.809244722706193
tcrf	-5.107683081467144	-4.8889474826905195
hamiltonmemes	-5.237084947801334	-4.377412685610776
cutelittlefangs	-7.022938583980686	-3.398200896375423
mememechanics	-6.354902086970494	-3.895421231477358
nytimes	0.633649683555646	-2.1660230434049437
greatfoodalliance	-7.527113208844058	-4.0718282073757734
slimerancher	-7.075821731221557	-3.6892892893249885
pingponggirls	-7.388500103291792	-3.5349015292702237
merlinbbc	-0.25475039905331265	-1.9866347844684977
werealive	0.574804160839907	-1.8801589014789268
reddit101	0.7789313347295739	-1.6351989426961904
sirwillow	-5.872768118194312	-4.709953572416879
mattgray	-7.207362673006042	-4.2053280332911935
